source_account,target_account
userJmeterir,userJmetertb
userJmeterqh,userJmeteraez
userJmeterxg,userJmeterajc
userJmeternp,userJmeterju
userJmeterli,userJmeterahm
userJmeterya,userJmeterafp
userJmeterif,userJmetera
userJmeterzs,userJmeterkb
userJmeterpf,userJmeterxa
userJmetermd,userJmeterwu
userJmeterts,userJmeterys
userJmeteragn,userJmeteraae
userJmeteron,userJmeterads
userJmeterjs,userJmeternm
userJmeterzu,userJmeterkd
userJmeterbn,userJmeterage
userJmeterho,userJmeterade
userJmetervt,userJmeterwz
userJmetergf,userJmeterace
userJmeterfp,userJmeterwp
userJmeterrc,userJmeterafe
userJmeteraw,userJmeteraab
userJmeternb,userJmeterfj
userJmeterjf,userJmeteruw
userJmetervp,userJmetermd
userJmeterke,userJmeterfx
userJmeteradg,userJmeteraas
userJmeterww,userJmeterck
userJmeterbs,userJmeterx
userJmeteradc,userJmetergv
userJmeterrk,userJmeterga
userJmeterqu,userJmeterahp
userJmetercp,userJmeteres
userJmeteragl,userJmeterahu
userJmeterafj,userJmeterqs
userJmetertv,userJmeterafn
userJmeterajj,userJmeterakz
userJmeterfg,userJmeterdj
userJmetermh,userJmeterkb
userJmeterais,userJmetergr
userJmetersz,userJmeterall
userJmeterabh,userJmeterabn
userJmeterli,userJmeteruw
userJmeterfc,userJmeteraif
userJmetercc,userJmetervy
userJmeterabq,userJmetergz
userJmeteracu,userJmeterxz
userJmeteraea,userJmeteraip
userJmeterxg,userJmetert
userJmeteraii,userJmeterrq
